{
    "count": 748,
    "vsize": 259576,
    "total_fee": 4686845,
    "fee_histogram": [
        [
            23.15313,
            50517
        ],
        [
            12.284101,
            52867
        ],
        [
            3.0308642,
            50435
        ],
        [
            2.5426009,
            50201
        ],
        [
            1.0032573,
            54353
        ],
        [
            1.0,
            1203
        ]
    ]
}